{"eval/loss":7.049958881578948,"train/grad_avg":0.031235338357448083,"lr":5.9e-06,"_wandb":{"runtime":131},"train/grad_global":3.787127767290388,"train/loss":7.037029606955392,"eval_ema/advtop1":0.2546689303904924,"eval/top5":0.3395585738539898,"eval/advtop1":0.2546689303904924,"eval_ema/loss":7.056073588709677,"eval/advtop5":0.3395585738539898,"eval_ema/advloss":7.056073588709677,"eval_ema/advtop5":0.3395585738539898,"_step":0,"_runtime":131,"eval_ema/top5":0.3395585738539898,"eval_ema/top1":0.2546689303904924,"eval/advloss":7.051318442275043,"_timestamp":1.764071725940895e+09,"eval/top1":0.2546689303904924,"train/grad_max":0.3069545200892857}