epoch,train_loss,train_grad_global,train_grad_avg,train_grad_max,eval_loss,eval_top1,eval_top5,eval_advloss,eval_advtop1,eval_advtop5,lr
0,7.052720887320382,3.598961114883423,0.029636160716678597,0.3407679966517857,7.056073588709677,0.2546689303904924,0.3395585738539898,0,0,0,5.9e-06
1,7.049815450395856,3.3924449511936734,0.028063303947858522,0.28370884486607145,7.056073588709677,0.2546689303904924,0.3395585738539898,0,0,0,1.0800000000000002e-05
