{"eval_ema/top1":73.67400003417968,"eval_ema/top5":89.53000003662109,"eval/loss":1.5244265625,"eval_ema/advtop5":0,"train/grad_avg":NaN,"_wandb":{"runtime":423971},"eval_ema/loss":1.4917396875,"lr":1e-05,"train/grad_max":0.06378160633867402,"train/grad_global":NaN,"eval/advloss":0,"eval_ema/advtop1":0,"_step":249,"eval/advtop1":0,"train/loss":1.2039233661002868,"_runtime":423971.55052055,"eval/top5":89.17399998779297,"eval_ema/advloss":0,"eval/top1":73.11199998535156,"eval/advtop5":0,"_timestamp":1.7640689772404475e+09}